id,value
1,21500000.0
2,69500000.0
4,69500000.0
5,60000000.0
6,60000000.0
10,69500000.0
11,58000000.0
15,69500000.0
17,69500000.0
23,80000000.0
25,46500000.0
28,57000000.0
31,69500000.0
35,34000000.0
39,9000000.0
40,38000000.0
43,59500000.0
48,45000000.0
51,38000000.0
55,50500000.0
56,50500000.0
57,36500000.0
61,46500000.0
62,46500000.0
69,46500000.0
70,30000000.0
71,38000000.0
74,24000000.0
80,35000000.0
82,40500000.0
84,32000000.0
85,32000000.0
88,46500000.0
90,18000000.0
91,17500000.0
95,20000000.0
101,28500000.0
104,9000000.0
111,34000000.0
113,29500000.0
116,34500000.0
120,31500000.0
122,32000000.0
130,16500000.0
136,30500000.0
138,29500000.0
141,20000000.0
144,15500000.0
146,19000000.0
147,22000000.0
150,19000000.0
151,29000000.0
152,4000000.0
158,26500000.0
159,28000000.0
160,26500000.0
162,34000000.0
168,24000000.0
172,26500000.0
177,36500000.0
181,24500000.0
183,24000000.0
184,33000000.0
186,19000000.0
187,30000000.0
192,31500000.0
193,26500000.0
194,21000000.0
200,26500000.0
201,13000000.0
204,20000000.0
206,22000000.0
208,21000000.0
219,17500000.0
221,15500000.0
227,24000000.0
231,12500000.0
233,29000000.0
235,31500000.0
237,24000000.0
238,26500000.0
239,26500000.0
255,21000000.0
258,19000000.0
260,26000000.0
272,21000000.0
273,19000000.0
275,26000000.0
279,19500000.0
281,18500000.0
284,21000000.0
286,21000000.0
292,21000000.0
300,12500000.0
301,12500000.0
303,15000000.0
304,21500000.0
315,8000000.0
318,3000000.0
320,17000000.0
322,21500000.0
323,22500000.0
326,21000000.0
328,23500000.0
337,18500000.0
339,24500000.0
342,15000000.0
343,24500000.0
360,15000000.0
364,18500000.0
365,15000000.0
367,22000000.0
368,18000000.0
369,17500000.0
372,19500000.0
376,15000000.0
379,14500000.0
380,18500000.0
383,18000000.0
385,14000000.0
386,16500000.0
390,15500000.0
391,15500000.0
393,15500000.0
400,13500000.0
403,6000000.0
413,22500000.0
416,16000000.0
423,14500000.0
424,20000000.0
426,14500000.0
427,18000000.0
428,15500000.0
429,16000000.0
431,12000000.0
432,19500000.0
433,17500000.0
439,8500000.0
443,16500000.0
444,19500000.0
446,20000000.0
449,14500000.0
456,16000000.0
457,14500000.0
464,13500000.0
468,19000000.0
472,10500000.0
474,19500000.0
483,12000000.0
488,15500000.0
494,15500000.0
499,11500000.0
505,12000000.0
506,15500000.0
510,13000000.0
511,8500000.0
512,8000000.0
517,12500000.0
521,12000000.0
522,13000000.0
523,15500000.0
526,10000000.0
531,12500000.0
540,6000000.0
547,6000000.0
555,18000000.0
556,18000000.0
563,6500000.0
564,16000000.0
566,12000000.0
573,10000000.0
574,14500000.0
581,17500000.0
588,12000000.0
590,14500000.0
591,16500000.0
595,15500000.0
596,14000000.0
597,17500000.0
599,12000000.0
600,12000000.0
602,10000000.0
603,11500000.0
606,12500000.0
613,10000000.0
615,13000000.0
620,16000000.0
623,12000000.0
624,9500000.0
628,12000000.0
630,15500000.0
635,15500000.0
636,15000000.0
638,16000000.0
662,12500000.0
664,12500000.0
665,9000000.0
670,12500000.0
672,12000000.0
677,9500000.0
680,9500000.0
695,10000000.0
705,9000000.0
713,6500000.0
716,5500000.0
717,10000000.0
720,12500000.0
723,14500000.0
725,15500000.0
731,7500000.0
733,7500000.0
734,12500000.0
738,13000000.0
740,12000000.0
743,13000000.0
747,11000000.0
750,14000000.0
752,12500000.0
753,8500000.0
756,10000000.0
758,8500000.0
768,16000000.0
770,14000000.0
772,10500000.0
773,10500000.0
791,12000000.0
793,14000000.0
794,10500000.0
798,13000000.0
799,10000000.0
801,14000000.0
804,14000000.0
805,13000000.0
811,10000000.0
822,12000000.0
824,10500000.0
827,11000000.0
828,11000000.0
832,10000000.0
837,10500000.0
844,10000000.0
851,9500000.0
852,9500000.0
854,10500000.0
856,11000000.0
860,10000000.0
867,6000000.0
877,9500000.0
880,4000000.0
883,8500000.0
885,8000000.0
889,11000000.0
891,8500000.0
894,2700000.0
897,9000000.0
898,9000000.0
899,3200000.0
904,10000000.0
906,10000000.0
907,8500000.0
910,8500000.0
915,1000000.0
917,9000000.0
919,11500000.0
925,6500000.0
928,6500000.0
940,3600000.0
945,9000000.0
946,9000000.0
951,8500000.0
953,12000000.0
959,3200000.0
961,7000000.0
963,6500000.0
965,5500000.0
971,5000000.0
973,6500000.0
983,4500000.0
985,9000000.0
997,5000000.0
998,5000000.0
999,9000000.0
1004,2200000.0
1012,6500000.0
1014,10500000.0
1021,5000000.0
1024,10500000.0
1028,12500000.0
1034,7000000.0
1037,6500000.0
1038,12000000.0
1041,8500000.0
1043,7000000.0
1044,12500000.0
1048,12000000.0
1054,12000000.0
1058,8500000.0
1059,7000000.0
1061,12000000.0
1068,2500000.0
1070,7500000.0
1075,11000000.0
1076,4700000.0
1078,8000000.0
1080,8500000.0
1082,12500000.0
1084,3600000.0
1085,6500000.0
1088,9000000.0
1091,11000000.0
1094,11000000.0
1096,8500000.0
1099,9000000.0
1101,9000000.0
1103,9000000.0
1107,10500000.0
1108,9000000.0
1110,7000000.0
1117,8500000.0
1119,12000000.0
1120,8500000.0
1122,7000000.0
1130,17500000.0
1136,15500000.0
1137,7000000.0
1139,12000000.0
1140,9000000.0
1141,10000000.0
1144,9000000.0
1148,9000000.0
1165,8500000.0
1168,12500000.0
1174,12000000.0
1179,10000000.0
1187,10000000.0
1188,10000000.0
1190,4700000.0
1196,7500000.0
1197,3900000.0
1200,8000000.0
1201,10000000.0
1203,4900000.0
1205,7500000.0
1208,7500000.0
1212,7500000.0
1213,7500000.0
1214,10500000.0
1217,7500000.0
1224,6000000.0
1228,9000000.0
1229,6500000.0
1239,7500000.0
1240,7500000.0
1247,11500000.0
1259,11500000.0
1261,8500000.0
1265,8000000.0
1268,8000000.0
1269,1000000.0
1271,11000000.0
1274,8000000.0
1275,8000000.0
1276,9500000.0
1277,2900000.0
1278,8500000.0
1288,6000000.0
1291,6000000.0
1296,8500000.0
1297,8000000.0
1302,12500000.0
1304,10000000.0
1306,7500000.0
1307,2200000.0
1309,2200000.0
1310,8000000.0
1314,6500000.0
1316,8000000.0
1317,11000000.0
1323,6000000.0
1324,7500000.0
1325,9000000.0
1326,1000000.0
1331,5000000.0
1333,6000000.0
1334,8000000.0
1335,7500000.0
1337,8500000.0
1347,10500000.0
1348,5500000.0
1354,7500000.0
1355,4700000.0
1358,10000000.0
1362,8500000.0
1363,7000000.0
1375,8000000.0
1377,8500000.0
1380,11000000.0
1382,6500000.0
1391,4700000.0
1397,6500000.0
1400,8500000.0
1401,7500000.0
1405,10500000.0
1408,7500000.0
1409,7500000.0
1411,7500000.0
1417,5000000.0
1420,10500000.0
1421,9500000.0
1425,6000000.0
1428,6500000.0
1431,10500000.0
1436,7500000.0
1448,5500000.0
1450,6500000.0
1458,7500000.0
1459,10500000.0
1463,6000000.0
1471,10500000.0
1473,9000000.0
1474,7500000.0
1476,9500000.0
1482,7500000.0
1487,7500000.0
1491,10500000.0
1496,4400000.0
1497,9000000.0
1498,11000000.0
1504,8500000.0
1507,10500000.0
1509,7500000.0
1513,7000000.0
1518,6000000.0
1519,6000000.0
1522,9000000.0
1532,9500000.0
1534,11500000.0
1538,8500000.0
1542,7000000.0
1544,7500000.0
1549,8500000.0
1558,8000000.0
1562,7000000.0
1563,6500000.0
1564,7000000.0
1565,4400000.0
1568,5000000.0
1569,7000000.0
1570,4400000.0
1573,5000000.0
1574,7000000.0
1578,6500000.0
1580,9000000.0
1581,2700000.0
1585,6500000.0
1591,3900000.0
1598,5500000.0
1600,8000000.0
1609,7000000.0
1614,8000000.0
1619,8000000.0
1628,6500000.0
1630,7000000.0
1633,6500000.0
1638,6500000.0
1651,2700000.0
1652,8000000.0
1659,6500000.0
1663,7000000.0
1667,1600000.0
1668,7000000.0
1670,8500000.0
1671,7500000.0
1675,6500000.0
1678,7000000.0
1681,8000000.0
1683,6500000.0
1687,7500000.0
1689,8500000.0
1690,7000000.0
1697,9000000.0
1700,6000000.0
1711,7500000.0
1713,4800000.0
1720,5500000.0
1723,7500000.0
1729,8000000.0
1730,6500000.0
1735,8500000.0
1736,7000000.0
1737,5500000.0
1738,6500000.0
1741,8500000.0
1747,9000000.0
1753,6500000.0
1755,7000000.0
1764,5500000.0
1766,8000000.0
1770,2700000.0
1775,5000000.0
1776,6500000.0
1783,8500000.0
1789,7500000.0
1794,7000000.0
1795,5500000.0
1799,9500000.0
1802,5500000.0
1805,450000.0
1808,8500000.0
1811,5500000.0
1812,8000000.0
1813,8500000.0
1816,8000000.0
1817,9000000.0
1820,900000.0
1828,7000000.0
1837,8500000.0
1838,9000000.0
1840,4900000.0
1841,8500000.0
1842,10000000.0
1843,5500000.0
1845,8000000.0
1847,4400000.0
1848,7000000.0
1853,5500000.0
1855,7500000.0
1856,7500000.0
1861,9000000.0
1864,8000000.0
1871,6500000.0
1873,4400000.0
1874,9000000.0
1875,8500000.0
1876,6500000.0
1877,4900000.0
1885,7500000.0
1887,6500000.0
1894,7000000.0
1896,9000000.0
1897,9000000.0
1905,7000000.0
1908,2700000.0
1909,10500000.0
1912,5000000.0
1918,9500000.0
1922,10500000.0
1923,7000000.0
1926,7000000.0
1930,5500000.0
1935,6500000.0
1949,6000000.0
1960,6000000.0
1967,6500000.0
1968,8500000.0
1969,4500000.0
1973,5500000.0
1974,6500000.0
1976,450000.0
1977,5500000.0
1978,9500000.0
1982,7000000.0
1986,3400000.0
1996,7000000.0
2002,3800000.0
2010,9000000.0
2013,7000000.0
2014,4400000.0
2024,6000000.0
2026,1700000.0
2027,8000000.0
2028,5500000.0
2031,2800000.0
2033,5500000.0
2038,7500000.0
2041,4200000.0
2047,5500000.0
2054,6000000.0
2055,7000000.0
2057,6500000.0
2059,5500000.0
2062,6000000.0
2063,6500000.0
2074,1600000.0
2077,6000000.0
2089,7000000.0
2092,7500000.0
2095,4200000.0
2099,6500000.0
2108,7000000.0
2116,4200000.0
2117,8000000.0
2120,3600000.0
2130,4900000.0
2131,1700000.0
2133,5500000.0
2135,4900000.0
2138,2800000.0
2139,7500000.0
2140,8500000.0
2143,4400000.0
2144,7000000.0
2146,5500000.0
2148,1700000.0
2153,6500000.0
2160,3200000.0
2173,6000000.0
2179,6000000.0
2180,7000000.0
2181,2800000.0
2182,750000.0
2183,2000000.0
2184,6500000.0
2189,2800000.0
2190,7000000.0
2191,7000000.0
2192,7500000.0
2200,5500000.0
2205,3600000.0
2206,6000000.0
2207,7500000.0
2212,4400000.0
2215,1700000.0
2219,6000000.0
2229,7500000.0
2232,4900000.0
2238,5000000.0
2241,7500000.0
2244,3800000.0
2247,750000.0
2249,6500000.0
2250,1600000.0
2254,6000000.0
2255,6000000.0
2262,6000000.0
2264,6500000.0
2268,7000000.0
2269,7500000.0
2281,3100000.0
2284,6500000.0
2288,4400000.0
2296,6500000.0
2299,6500000.0
2300,7000000.0
2302,7500000.0
2305,8500000.0
2310,5000000.0
2325,6000000.0
2327,4900000.0
2332,6500000.0
2333,4400000.0
2343,6500000.0
2347,8000000.0
2350,4400000.0
2356,6500000.0
2359,9500000.0
2365,4400000.0
2370,5000000.0
2372,7500000.0
2375,5500000.0
2382,6000000.0
2383,8500000.0
2386,4200000.0
2390,6500000.0
2398,3800000.0
2403,7000000.0
2406,5500000.0
2411,4900000.0
2418,3200000.0
2419,6000000.0
2422,6500000.0
2429,5500000.0
2430,5500000.0
2431,6500000.0
2434,5500000.0
2439,6000000.0
2443,6000000.0
2445,9500000.0
2449,6500000.0
2452,4400000.0
2456,6000000.0
2459,7000000.0
2465,5500000.0
2476,4400000.0
2485,6000000.0
2488,2300000.0
2490,6500000.0
2491,6500000.0
2492,5500000.0
2501,1200000.0
2503,6500000.0
2506,5500000.0
2508,5500000.0
2510,3200000.0
2513,7000000.0
2520,5500000.0
2521,4400000.0
2525,6500000.0
2526,1200000.0
2529,4900000.0
2530,4000000.0
2535,2400000.0
2536,3900000.0
2540,270000.0
2543,2000000.0
2547,5500000.0
2549,1200000.0
2558,4000000.0
2559,3900000.0
2562,5500000.0
2568,2000000.0
2570,4000000.0
2571,5000000.0
2573,2000000.0
2575,4000000.0
2576,3100000.0
2577,2500000.0
2578,3000000.0
2581,4800000.0
2582,4000000.0
2583,4800000.0
2584,3900000.0
2586,1200000.0
2587,4000000.0
2595,2700000.0
2600,4300000.0
2603,4000000.0
2604,4500000.0
2605,3000000.0
2606,4800000.0
2610,5000000.0
2613,4200000.0
2630,4100000.0
2631,270000.0
2632,5500000.0
2652,4900000.0
2659,3500000.0
2662,4900000.0
2665,1800000.0
2667,4700000.0
2668,5500000.0
2672,3500000.0
2674,3100000.0
2675,3000000.0
2676,4300000.0
2678,3800000.0
2685,4300000.0
2689,3500000.0
2691,2700000.0
2694,4100000.0
2695,2000000.0
2697,3500000.0
2699,3900000.0
2700,4300000.0
2701,2700000.0
2705,4000000.0
2716,3100000.0
2718,3200000.0
2721,3200000.0
2733,5500000.0
2737,1800000.0
2739,5500000.0
2748,3500000.0
2749,3700000.0
2752,3000000.0
2753,3000000.0
2755,2000000.0
2765,3000000.0
2766,3000000.0
2774,3900000.0
2775,4000000.0
2776,3900000.0
2777,3000000.0
2779,3200000.0
2785,5500000.0
2786,7000000.0
2796,3800000.0
2797,2700000.0
2805,5000000.0
2807,4700000.0
2809,7000000.0
2810,3000000.0
2816,3500000.0
2817,4200000.0
2819,5000000.0
2827,4000000.0
2833,3800000.0
2835,4700000.0
2837,3900000.0
2841,5000000.0
2842,6000000.0
2843,4800000.0
2851,3100000.0
2854,6000000.0
2860,2800000.0
2863,2000000.0
2869,4000000.0
2874,1200000.0
2876,1200000.0
2877,4100000.0
2878,4000000.0
2882,6000000.0
2887,3200000.0
2889,4000000.0
2890,4000000.0
2903,4500000.0
2906,2400000.0
2910,5500000.0
2912,4200000.0
2913,3100000.0
2918,4400000.0
2921,4400000.0
2922,5500000.0
2925,7000000.0
2927,3700000.0
2930,3900000.0
2936,3000000.0
2937,3500000.0
2943,3900000.0
2946,550000.0
2947,3000000.0
2949,270000.0
2952,3200000.0
2953,2600000.0
2955,3900000.0
2957,3200000.0
2960,3900000.0
2962,2400000.0
2963,4000000.0
2969,5500000.0
2977,3000000.0
2979,4800000.0
2980,5500000.0
2992,5500000.0
2994,5500000.0
3002,4200000.0
3008,6000000.0
3009,1200000.0
3011,3200000.0
3016,4900000.0
3022,4500000.0
3023,3900000.0
3031,4000000.0
3035,3000000.0
3039,3500000.0
3045,7000000.0
3048,4000000.0
3052,2300000.0
3055,4900000.0
3056,4700000.0
3058,2300000.0
3068,5000000.0
3069,5500000.0
3070,6000000.0
3072,3800000.0
3073,4900000.0
3074,5500000.0
3075,3500000.0
3077,5500000.0
3080,3000000.0
3091,5000000.0
3102,2700000.0
3106,2700000.0
3116,3900000.0
3123,2700000.0
3124,3600000.0
3126,3900000.0
3130,3500000.0
3137,2000000.0
3139,2100000.0
3146,4600000.0
3147,4200000.0
3152,3700000.0
3160,3300000.0
3166,2900000.0
3168,3400000.0
3170,3400000.0
3172,4200000.0
3173,5000000.0
3176,950000.0
3177,1800000.0
3197,3400000.0
3200,4100000.0
3201,4300000.0
3204,3900000.0
3206,4300000.0
3210,3300000.0
3219,2700000.0
3220,2500000.0
3229,3100000.0
3232,5500000.0
3235,2900000.0
3236,2600000.0
3239,2200000.0
3240,725000.0
3249,3200000.0
3257,3900000.0
3260,5000000.0
3262,3500000.0
3264,2100000.0
3267,3200000.0
3268,2500000.0
3272,3600000.0
3278,3700000.0
3286,3700000.0
3290,2000000.0
3291,2500000.0
3292,4400000.0
3293,3300000.0
3296,3100000.0
3305,3200000.0
3308,2500000.0
3309,2600000.0
3315,2700000.0
3319,2900000.0
3320,3800000.0
3326,4200000.0
3330,4100000.0
3333,2900000.0
3334,5500000.0
3337,4200000.0
3341,3800000.0
3342,3500000.0
3343,2900000.0
3345,3700000.0
3346,3300000.0
3347,1200000.0
3355,3900000.0
3358,1800000.0
3359,2900000.0
3361,6000000.0
3362,4600000.0
3364,875000.0
3365,2400000.0
3367,3100000.0
3369,3900000.0
3374,4200000.0
3386,2700000.0
3389,1800000.0
3390,3200000.0
3395,3300000.0
3403,4000000.0
3410,3000000.0
3411,3700000.0
3413,2400000.0
3417,3700000.0
3419,4200000.0
3425,1800000.0
3426,1800000.0
3429,1600000.0
3433,2900000.0
3436,3700000.0
3445,1800000.0
3447,3300000.0
3448,4300000.0
3454,3100000.0
3461,3000000.0
3468,4000000.0
3470,2700000.0
3475,2400000.0
3482,3800000.0
3484,2500000.0
3491,6000000.0
3492,975000.0
3496,3100000.0
3500,3400000.0
3514,425000.0
3524,3900000.0
3526,4400000.0
3527,4100000.0
3528,3700000.0
3532,4300000.0
3534,3900000.0
3535,3400000.0
3539,4200000.0
3540,2500000.0
3555,3300000.0
3563,2300000.0
3569,2500000.0
3572,4200000.0
3575,3700000.0
3584,2500000.0
3588,4400000.0
3597,4300000.0
3598,2800000.0
3601,2500000.0
3612,3200000.0
3614,2800000.0
3615,1800000.0
3618,3900000.0
3625,2600000.0
3655,950000.0
3661,2400000.0
3665,3900000.0
3666,875000.0
3675,3400000.0
3683,5500000.0
3685,2100000.0
3688,3500000.0
3690,5000000.0
3697,2900000.0
3710,1300000.0
3716,3000000.0
3727,3200000.0
3738,2600000.0
3745,2700000.0
3749,5500000.0
3754,4600000.0
3776,2900000.0
3778,5000000.0
3784,3900000.0
3786,2500000.0
3788,2200000.0
3791,3600000.0
3803,3700000.0
3809,4000000.0
3811,2700000.0
3817,2900000.0
3820,3200000.0
3824,3200000.0
3826,2400000.0
3829,725000.0
3831,3000000.0
3832,3400000.0
3836,1500000.0
3845,3200000.0
3846,2500000.0
3848,2800000.0
3849,2300000.0
3857,1800000.0
3859,2400000.0
3861,2800000.0
3867,3200000.0
3876,2300000.0
3877,2300000.0
3878,850000.0
3883,1800000.0
3885,2500000.0
3889,1800000.0
3890,2400000.0
3891,2800000.0
3913,2200000.0
3920,3900000.0
3922,1900000.0
3930,2200000.0
3931,3300000.0
3934,4000000.0
3941,3100000.0
3942,675000.0
3945,2400000.0
3950,325000.0
3951,1400000.0
3959,425000.0
3960,725000.0
3962,1400000.0
3972,4000000.0
3982,1800000.0
3984,2800000.0
3986,1800000.0
3988,3000000.0
3989,3300000.0
3990,3200000.0
3991,2400000.0
3995,1700000.0
3997,2300000.0
4000,2600000.0
4002,2200000.0
4007,1800000.0
4010,2500000.0
4012,3200000.0
4013,1900000.0
4019,2200000.0
4028,160000.0
4032,2700000.0
4035,2400000.0
4038,2300000.0
4040,3300000.0
4042,2300000.0
4046,2800000.0
4054,2600000.0
4065,4000000.0
4073,1900000.0
4074,725000.0
4084,1800000.0
4106,2500000.0
4108,1400000.0
4109,1400000.0
4110,3800000.0
4111,2400000.0
4112,2800000.0
4113,1400000.0
4115,725000.0
4119,2000000.0
4123,3200000.0
4129,1800000.0
4131,1800000.0
4133,1800000.0
4138,3200000.0
4143,2400000.0
4146,2400000.0
4151,1800000.0
4161,725000.0
4163,2300000.0
4166,750000.0
4168,2500000.0
4171,1800000.0
4180,2200000.0
4185,1800000.0
4189,3200000.0
4190,1800000.0
4191,2500000.0
4197,1800000.0
4201,1800000.0
4208,2500000.0
4213,1900000.0
4219,3400000.0
4221,3200000.0
4226,1400000.0
4233,2200000.0
4241,1400000.0
4245,3400000.0
4256,1800000.0
4261,2500000.0
4262,3200000.0
4268,325000.0
4274,325000.0
4278,1700000.0
4279,2300000.0
4280,3200000.0
4289,2400000.0
4291,2900000.0
4294,2600000.0
4301,3200000.0
4308,2400000.0
4310,3500000.0
4312,2700000.0
4315,2500000.0
4321,2800000.0
4325,2300000.0
4326,2000000.0
4327,1800000.0
4328,1200000.0
4329,2500000.0
4341,1800000.0
4343,2300000.0
4349,2500000.0
4350,1400000.0
4357,2100000.0
4359,1800000.0
4362,725000.0
4364,1800000.0
4366,1900000.0
4369,725000.0
4376,2800000.0
4380,2400000.0
4381,2500000.0
4383,1400000.0
4388,1800000.0
4395,3800000.0
4396,3000000.0
4407,1500000.0
4414,2800000.0
4415,1600000.0
4416,3300000.0
4419,725000.0
4425,2500000.0
4427,3200000.0
4432,1800000.0
4433,2500000.0
4435,3200000.0
4440,3200000.0
4441,725000.0
4443,1600000.0
4446,3800000.0
4454,2800000.0
4462,2200000.0
4474,2900000.0
4481,950000.0
4484,4100000.0
4489,2800000.0
4491,1900000.0
4492,2500000.0
4505,1400000.0
4510,1800000.0
4520,2200000.0
4521,2300000.0
4522,2300000.0
4529,950000.0
4531,2000000.0
4532,1900000.0
4557,2200000.0
4561,2200000.0
4562,2400000.0
4564,1800000.0
4566,1000000.0
4571,2400000.0
4581,2400000.0
4584,3800000.0
4585,2400000.0
4590,2200000.0
4594,2100000.0
4595,1400000.0
4596,1900000.0
4598,2000000.0
4601,2200000.0
4604,3900000.0
4605,2700000.0
4610,1900000.0
4618,1700000.0
4619,2100000.0
4620,1400000.0
4623,2800000.0
4628,1500000.0
4635,1700000.0
4645,1300000.0
4652,2400000.0
4654,1400000.0
4655,2400000.0
4656,2500000.0
4657,550000.0
4661,550000.0
4662,1300000.0
4663,725000.0
4665,2300000.0
4670,2000000.0
4671,2000000.0
4672,2400000.0
4675,1300000.0
4676,1400000.0
4678,2500000.0
4681,1200000.0
4684,1800000.0
4687,1200000.0
4697,1700000.0
4705,2100000.0
4707,2000000.0
4714,1800000.0
4715,1800000.0
4717,1600000.0
4721,1700000.0
4725,2100000.0
4726,1600000.0
4730,2400000.0
4732,1900000.0
4734,1800000.0
4735,1400000.0
4741,1900000.0
4750,2200000.0
4757,1600000.0
4760,2200000.0
4765,1600000.0
4767,1200000.0
4769,1700000.0
4770,550000.0
4773,1200000.0
4775,900000.0
4779,1900000.0
4783,3800000.0
4787,1400000.0
4794,2200000.0
4796,2300000.0
4797,1400000.0
4801,2200000.0
4806,1800000.0
4808,2400000.0
4814,3200000.0
4820,1700000.0
4825,1800000.0
4828,1800000.0
4840,1000000.0
4844,2500000.0
4845,1900000.0
4846,1800000.0
4851,2500000.0
4862,2400000.0
4864,1700000.0
4871,1900000.0
4872,2400000.0
4874,1600000.0
4877,1300000.0
4878,1900000.0
4886,1500000.0
4888,1400000.0
4893,1600000.0
4900,2300000.0
4921,1700000.0
4929,1400000.0
4934,1800000.0
4935,2600000.0
4938,975000.0
4949,1600000.0
4951,1800000.0
4952,1600000.0
4955,2400000.0
4963,2500000.0
4977,1900000.0
4984,1800000.0
4987,1400000.0
4991,1700000.0
5001,1400000.0
5002,2600000.0
5011,2200000.0
5012,1900000.0
5015,2000000.0
5018,1200000.0
5022,2500000.0
5024,2100000.0
5027,2700000.0
5031,2200000.0
5042,1900000.0
5043,2100000.0
5044,1400000.0
5048,2400000.0
5054,2700000.0
5055,2700000.0
5056,2500000.0
5059,1500000.0
5065,1200000.0
5066,1800000.0
5070,2500000.0
5072,1600000.0
5078,1300000.0
5083,550000.0
5100,2500000.0
5101,240000.0
5104,1300000.0
5106,2000000.0
5107,1900000.0
5108,2500000.0
5112,1700000.0
5117,2800000.0
5118,1400000.0
5120,2100000.0
5124,1400000.0
5128,1700000.0
5132,1700000.0
5134,1300000.0
5137,2400000.0
5139,1700000.0
5141,2800000.0
5147,2100000.0
5148,1400000.0
5158,2100000.0
5162,1400000.0
5164,3800000.0
5170,1300000.0
5171,1800000.0
5176,1800000.0
5180,2200000.0
5181,2300000.0
5182,1500000.0
5188,2400000.0
5197,2100000.0
5198,2500000.0
5201,1900000.0
5215,500000.0
5216,2500000.0
5217,2600000.0
5220,1800000.0
5221,1800000.0
5223,2000000.0
5226,1400000.0
5227,2300000.0
5233,2300000.0
5239,2000000.0
5240,1900000.0
5242,1700000.0
5243,3200000.0
5245,1900000.0
5247,1700000.0
5252,1800000.0
5255,2500000.0
5260,1900000.0
5264,975000.0
5269,2600000.0
5272,1300000.0
5276,2600000.0
5282,1700000.0
5286,3700000.0
5290,2000000.0
5291,2400000.0
5296,1700000.0
5303,2100000.0
5304,1400000.0
5309,1800000.0
5317,2500000.0
5319,2200000.0
5322,1400000.0
5324,725000.0
5325,1200000.0
5329,2600000.0
5330,2300000.0
5333,2700000.0
5334,2700000.0
5340,1200000.0
5342,975000.0
5346,2400000.0
5349,1700000.0
5350,1500000.0
5355,2400000.0
5360,1700000.0
5374,1000000.0
5376,2800000.0
5377,2300000.0
5389,550000.0
5393,1000000.0
5395,2000000.0
5396,1500000.0
5397,2800000.0
5398,1100000.0
5399,1200000.0
5401,1700000.0
5402,1600000.0
5405,1200000.0
5413,2000000.0
5417,1200000.0
5418,2000000.0
5419,1300000.0
5426,875000.0
5429,600000.0
5431,1100000.0
5432,1100000.0
5436,1500000.0
5439,1000000.0
5440,675000.0
5455,575000.0
5456,1000000.0
5468,825000.0
5469,550000.0
5472,700000.0
5473,825000.0
5475,1300000.0
5481,425000.0
5482,1100000.0
5490,700000.0
5494,1100000.0
5499,1800000.0
5504,1100000.0
5513,250000.0
5528,1100000.0
5535,1600000.0
5542,1100000.0
5543,1100000.0
5546,875000.0
5547,1100000.0
5552,475000.0
5553,575000.0
5557,1000000.0
5558,1300000.0
5566,1300000.0
5567,775000.0
5576,525000.0
5583,825000.0
5585,425000.0
5590,875000.0
5594,250000.0
5602,1700000.0
5603,1000000.0
5610,875000.0
5620,1100000.0
5623,1100000.0
5641,1400000.0
5647,1300000.0
5649,850000.0
5660,1400000.0
5661,1300000.0
5668,1000000.0
5673,1200000.0
5675,700000.0
5676,1100000.0
5682,1200000.0
5686,1200000.0
5689,575000.0
5696,825000.0
5713,1400000.0
5715,1700000.0
5717,1000000.0
5724,600000.0
5729,1400000.0
5733,1000000.0
5737,2300000.0
5740,650000.0
5741,1000000.0
5750,1000000.0
5758,1000000.0
5759,1100000.0
5763,1200000.0
5764,1000000.0
5776,1100000.0
5777,875000.0
5780,775000.0
5783,825000.0
5784,1200000.0
5788,1200000.0
5790,950000.0
5792,600000.0
5794,1200000.0
5799,525000.0
5807,1100000.0
5808,1100000.0
5812,300000.0
5813,1400000.0
5819,1300000.0
5824,1100000.0
5826,1200000.0
5838,1400000.0
5840,1300000.0
5851,1200000.0
5852,1100000.0
5861,1200000.0
5863,775000.0
5870,1200000.0
5871,775000.0
5872,1100000.0
5878,1500000.0
5888,475000.0
5893,1200000.0
5902,1300000.0
5905,1600000.0
5907,1300000.0
5909,825000.0
5922,300000.0
5926,250000.0
5929,1400000.0
5933,1400000.0
5940,1300000.0
5948,525000.0
5949,700000.0
5955,575000.0
5956,300000.0
5959,1400000.0
5962,600000.0
5963,1200000.0
5965,425000.0
5966,1400000.0
5968,1500000.0
5969,950000.0
5970,1100000.0
5971,1900000.0
5972,775000.0
5974,1400000.0
5975,1300000.0
5977,1200000.0
5981,1700000.0
5983,1600000.0
5986,1200000.0
5988,875000.0
5990,1000000.0
5997,1000000.0
5998,700000.0
6002,675000.0
6008,825000.0
6010,825000.0
6013,450000.0
6016,250000.0
6031,750000.0
6032,1400000.0
6036,825000.0
6037,675000.0
6038,1300000.0
6041,1300000.0
6046,825000.0
6047,825000.0
6058,1000000.0
6063,675000.0
6065,750000.0
6066,1500000.0
6081,1100000.0
6085,1100000.0
6086,1100000.0
6088,775000.0
6090,1300000.0
6093,700000.0
6095,775000.0
6098,1200000.0
6099,1200000.0
6104,925000.0
6105,1100000.0
6111,1700000.0
6115,1400000.0
6116,1300000.0
6122,1000000.0
6131,1000000.0
6135,1500000.0
6136,1400000.0
6140,600000.0
6141,1200000.0
6142,1100000.0
6143,525000.0
6144,1100000.0
6145,1400000.0
6151,1100000.0
6152,700000.0
6154,1100000.0
6161,600000.0
6162,1200000.0
6169,1000000.0
6170,1300000.0
6173,1000000.0
6181,1300000.0
6184,1100000.0
6185,875000.0
6187,1100000.0
6192,1400000.0
6194,950000.0
6200,1600000.0
6202,1500000.0
6203,825000.0
6204,700000.0
6212,1400000.0
6213,875000.0
6215,300000.0
6217,1000000.0
6218,1100000.0
6221,1600000.0
6226,1500000.0
6227,1800000.0
6228,875000.0
6229,1100000.0
6236,875000.0
6237,300000.0
6238,1800000.0
6245,1200000.0
6250,1200000.0
6252,1100000.0
6254,1600000.0
6258,1600000.0
6260,1600000.0
6262,925000.0
6274,1100000.0
6281,825000.0
6285,1100000.0
6288,1300000.0
6300,1000000.0
6302,1200000.0
6307,1000000.0
6308,1300000.0
6311,425000.0
6317,1700000.0
6328,1300000.0
6331,900000.0
6333,950000.0
6335,1200000.0
6343,925000.0
6344,1200000.0
6349,300000.0
6353,1100000.0
6355,975000.0
6359,750000.0
6367,1100000.0
6368,1800000.0
6369,950000.0
6370,975000.0
6373,1200000.0
6382,850000.0
6385,1000000.0
6386,875000.0
6387,850000.0
6389,675000.0
6394,1300000.0
6411,425000.0
6413,1300000.0
6417,1100000.0
6423,700000.0
6425,1200000.0
6444,450000.0
6449,1700000.0
6455,900000.0
6460,1100000.0
6467,900000.0
6470,700000.0
6476,950000.0
6479,1100000.0
6480,1500000.0
6486,525000.0
6487,1200000.0
6493,850000.0
6497,850000.0
6499,950000.0
6501,700000.0
6503,525000.0
6505,600000.0
6507,850000.0
6511,950000.0
6512,900000.0
6521,1100000.0
6522,950000.0
6532,900000.0
6534,750000.0
6536,375000.0
6538,800000.0
6541,900000.0
6550,1100000.0
6561,450000.0
6564,1600000.0
6569,450000.0
6577,900000.0
6579,575000.0
6583,900000.0
6587,1000000.0
6592,850000.0
6603,250000.0
6607,1200000.0
6613,950000.0
6626,850000.0
6647,650000.0
6650,1100000.0
6657,1100000.0
6663,700000.0
6672,1200000.0
6677,575000.0
6678,900000.0
6681,650000.0
6683,650000.0
6685,700000.0
6689,600000.0
6691,900000.0
6692,850000.0
6699,1100000.0
6709,525000.0
6719,675000.0
6731,525000.0
6738,975000.0
6739,900000.0
6740,875000.0
6746,725000.0
6751,1000000.0
6755,600000.0
6756,925000.0
6757,1100000.0
6768,1100000.0
6779,1200000.0
6780,825000.0
6782,1500000.0
6783,1100000.0
6787,1300000.0
6788,525000.0
6795,1100000.0
6799,950000.0
6804,875000.0
6811,2000000.0
6813,375000.0
6814,950000.0
6816,1000000.0
6824,850000.0
6825,270000.0
6826,525000.0
6827,600000.0
6835,1100000.0
6845,1200000.0
6851,625000.0
6852,1200000.0
6858,1000000.0
6862,875000.0
6866,1000000.0
6867,925000.0
6868,800000.0
6880,975000.0
6883,875000.0
6899,1100000.0
6901,1100000.0
6902,1100000.0
6907,900000.0
6914,1200000.0
6916,1200000.0
6917,650000.0
6932,950000.0
6936,1500000.0
6947,700000.0
6949,900000.0
6950,925000.0
6954,800000.0
6971,1600000.0
6973,1100000.0
6974,1000000.0
6982,1500000.0
6983,700000.0
6998,1200000.0
7006,1200000.0
7008,900000.0
7030,750000.0
7036,700000.0
7037,675000.0
7038,1000000.0
7043,1700000.0
7051,1200000.0
7053,1100000.0
7059,900000.0
7060,1500000.0
7062,825000.0
7067,1700000.0
7070,900000.0
7076,1200000.0
7078,1400000.0
7079,60000.0
7084,1000000.0
7090,1000000.0
7091,1100000.0
7093,1800000.0
7100,1100000.0
7104,675000.0
7108,750000.0
7111,1000000.0
7112,1000000.0
7115,950000.0
7117,650000.0
7127,900000.0
7133,700000.0
7136,1200000.0
7138,825000.0
7145,900000.0
7146,675000.0
7151,400000.0
7163,925000.0
7171,250000.0
7173,825000.0
7187,1700000.0
7193,1300000.0
7195,600000.0
7201,1100000.0
7208,850000.0
7211,825000.0
7213,400000.0
7221,1400000.0
7223,725000.0
7233,1300000.0
7235,700000.0
7236,1100000.0
7244,700000.0
7245,1300000.0
7248,825000.0
7249,725000.0
7252,725000.0
7261,550000.0
7271,1800000.0
7272,825000.0
7275,450000.0
7292,775000.0
7295,1200000.0
7300,1000000.0
7302,775000.0
7304,575000.0
7312,725000.0
7314,900000.0
7325,975000.0
7329,1100000.0
7330,850000.0
7334,1200000.0
7336,600000.0
7340,230000.0
7341,900000.0
7351,725000.0
7356,900000.0
7360,725000.0
7364,800000.0
7372,775000.0
7373,575000.0
7383,725000.0
7385,270000.0
7394,950000.0
7398,900000.0
7401,375000.0
7408,875000.0
7409,1200000.0
7410,725000.0
7417,1100000.0
7418,725000.0
7419,600000.0
7429,1200000.0
7444,800000.0
7450,1400000.0
7454,1000000.0
7459,230000.0
7462,775000.0
7466,450000.0
7469,900000.0
7478,375000.0
7493,900000.0
7502,450000.0
7504,850000.0
7511,625000.0
7512,975000.0
7515,230000.0
7520,1000000.0
7523,90000.0
7524,675000.0
7527,1300000.0
7544,700000.0
7554,1700000.0
7555,900000.0
7559,775000.0
7560,900000.0
7564,1400000.0
7569,1100000.0
7571,1500000.0
7579,1100000.0
7583,925000.0
7584,1000000.0
7586,925000.0
7598,1000000.0
7605,1100000.0
7612,725000.0
7614,750000.0
7615,800000.0
7616,900000.0
7618,800000.0
7620,725000.0
7623,1000000.0
7627,750000.0
7630,1100000.0
7631,725000.0
7632,775000.0
7636,850000.0
7643,1100000.0
7644,230000.0
7647,975000.0
7650,625000.0
7651,600000.0
7653,900000.0
7657,230000.0
7658,975000.0
7667,1100000.0
7676,850000.0
7677,975000.0
7683,1200000.0
7689,950000.0
7703,1200000.0
7705,900000.0
7710,575000.0
7712,675000.0
7722,750000.0
7729,900000.0
7731,900000.0
7733,800000.0
7735,600000.0
7741,725000.0
7746,725000.0
7750,825000.0
7751,600000.0
7757,725000.0
7759,1400000.0
7772,850000.0
7773,925000.0
7785,750000.0
7789,1000000.0
7801,1000000.0
7806,950000.0
7809,1300000.0
7818,1100000.0
7819,900000.0
7823,575000.0
7825,825000.0
7828,1000000.0
7829,575000.0
7831,725000.0
7834,1000000.0
7835,725000.0
7840,800000.0
7842,400000.0
7846,1300000.0
7850,1100000.0
7851,750000.0
7856,700000.0
7865,1300000.0
7871,975000.0
7886,1100000.0
7891,1100000.0
7893,1200000.0
7895,925000.0
7898,1100000.0
7902,800000.0
7907,300000.0
7909,750000.0
7915,1100000.0
7916,850000.0
7917,900000.0
7929,375000.0
7931,325000.0
7937,825000.0
7938,725000.0
7940,775000.0
7941,750000.0
7945,675000.0
7946,1000000.0
7955,800000.0
7956,1100000.0
7960,525000.0
7961,1100000.0
7962,725000.0
7967,900000.0
7968,900000.0
7978,825000.0
7979,100000.0
7987,800000.0
7991,450000.0
8000,1400000.0
8004,625000.0
8006,1200000.0
8007,675000.0
8011,775000.0
8014,900000.0
8029,1000000.0
8036,1000000.0
8037,450000.0
8042,975000.0
8043,725000.0
8047,750000.0
8053,1100000.0
8057,600000.0
8065,950000.0
8068,1600000.0
8075,800000.0
8078,1700000.0
8093,525000.0
8094,1100000.0
8097,1300000.0
8103,1100000.0
8107,800000.0
8110,230000.0
8115,775000.0
8119,1000000.0
8120,850000.0
8122,875000.0
8132,875000.0
8134,950000.0
8136,625000.0
8148,750000.0
8163,950000.0
8165,1100000.0
8177,625000.0
8182,1000000.0
8185,600000.0
8192,525000.0
8199,1100000.0
8200,725000.0
8208,600000.0
8213,825000.0
8216,750000.0
8222,1100000.0
8223,230000.0
8234,1200000.0
8243,400000.0
8251,1300000.0
8254,400000.0
8256,1100000.0
8259,1300000.0
8267,825000.0
8271,875000.0
8272,1100000.0
8273,600000.0
8274,525000.0
8279,1100000.0
8283,1200000.0
8284,1100000.0
8285,100000.0
8302,1000000.0
8304,1000000.0
8306,1000000.0
8309,1100000.0
8315,400000.0
8317,650000.0
8327,1000000.0
8345,925000.0
8352,475000.0
8360,775000.0
8362,1400000.0
8363,825000.0
8365,500000.0
8367,675000.0
8369,375000.0
8370,525000.0
8371,200000.0
8373,675000.0
8374,650000.0
8378,700000.0
8384,400000.0
8387,725000.0
8390,625000.0
8394,550000.0
8395,875000.0
8396,1000000.0
8400,1200000.0
8401,700000.0
8402,1000000.0
8405,900000.0
8407,625000.0
8411,900000.0
8413,850000.0
8419,1100000.0
8420,550000.0
8425,625000.0
8428,260000.0
8431,650000.0
8442,575000.0
8448,1200000.0
8449,425000.0
8455,260000.0
8458,1200000.0
8467,725000.0
8468,425000.0
8478,875000.0
8479,1000000.0
8483,850000.0
8485,800000.0
8490,650000.0
8496,425000.0
8498,1000000.0
8500,650000.0
8504,800000.0
8505,725000.0
8510,1300000.0
8520,650000.0
8522,500000.0
8533,750000.0
8540,1400000.0
8547,825000.0
8560,350000.0
8569,825000.0
8580,675000.0
8583,1200000.0
8591,600000.0
8594,375000.0
8598,1100000.0
8603,1100000.0
8611,500000.0
8617,1400000.0
8622,850000.0
8624,750000.0
8635,260000.0
8636,675000.0
8637,750000.0
8642,925000.0
8643,525000.0
8644,850000.0
8648,1000000.0
8662,200000.0
8670,1200000.0
8672,850000.0
8675,1100000.0
8676,1000000.0
8677,500000.0
8689,700000.0
8690,500000.0
8691,525000.0
8698,600000.0
8702,775000.0
8703,875000.0
8705,90000.0
8712,575000.0
8716,775000.0
8717,750000.0
8718,550000.0
8719,900000.0
8721,425000.0
8724,500000.0
8731,750000.0
8736,625000.0
8746,400000.0
8749,725000.0
8756,850000.0
8757,875000.0
8761,325000.0
8762,1400000.0
8763,1000000.0
8772,1000000.0
8773,250000.0
8774,675000.0
8780,525000.0
8781,1100000.0
8783,650000.0
8784,675000.0
8786,875000.0
8792,625000.0
8793,875000.0
8799,325000.0
8800,260000.0
8809,825000.0
8814,475000.0
8816,300000.0
8824,1100000.0
8826,775000.0
8829,625000.0
8832,325000.0
8834,775000.0
8835,675000.0
8837,900000.0
8844,475000.0
8846,900000.0
8851,975000.0
8859,975000.0
8861,600000.0
8862,675000.0
8865,375000.0
8868,675000.0
8871,950000.0
8873,725000.0
8884,500000.0
8892,400000.0
8898,260000.0
8902,375000.0
8906,675000.0
8908,850000.0
8909,425000.0
8913,675000.0
8915,1400000.0
8916,750000.0
8917,900000.0
8922,1000000.0
8925,650000.0
8930,600000.0
8934,650000.0
8938,260000.0
8940,1100000.0
8949,650000.0
8951,1300000.0
8953,260000.0
8958,675000.0
8962,550000.0
8973,875000.0
8976,750000.0
8982,900000.0
8986,675000.0
8987,1000000.0
8989,825000.0
8991,500000.0
8993,200000.0
9001,625000.0
9009,750000.0
9015,1000000.0
9016,975000.0
9020,400000.0
9023,900000.0
9024,1100000.0
9027,650000.0
9028,500000.0
9033,925000.0
9038,600000.0
9042,900000.0
9048,875000.0
9055,600000.0
9062,700000.0
9068,975000.0
9069,260000.0
9070,575000.0
9072,625000.0
9073,600000.0
9075,400000.0
9076,575000.0
9077,750000.0
9079,600000.0
9080,625000.0
9082,700000.0
9089,850000.0
9100,775000.0
9101,675000.0
9108,575000.0
9113,825000.0
9117,850000.0
9126,1200000.0
9132,475000.0
9135,500000.0
9137,825000.0
9141,625000.0
9148,800000.0
9153,775000.0
9159,875000.0
9170,775000.0
9172,180000.0
9173,500000.0
9176,725000.0
9192,260000.0
9194,1000000.0
9200,40000.0
9210,260000.0
9225,280000.0
9231,900000.0
9233,200000.0
9237,925000.0
9239,625000.0
9242,775000.0
9247,1100000.0
9248,875000.0
9253,1000000.0
9277,500000.0
9281,700000.0
9283,525000.0
9293,675000.0
9297,260000.0
9298,800000.0
9304,260000.0
9306,700000.0
9309,575000.0
9337,750000.0
9341,850000.0
9343,675000.0
9346,675000.0
9347,775000.0
9351,575000.0
9352,900000.0
9359,375000.0
9365,875000.0
9367,1000000.0
9368,500000.0
9371,675000.0
9374,425000.0
9377,700000.0
9383,875000.0
9385,800000.0
9398,675000.0
9401,775000.0
9405,900000.0
9411,425000.0
9412,750000.0
9419,650000.0
9424,210000.0
9430,850000.0
9431,1100000.0
9437,525000.0
9439,550000.0
9441,1200000.0
9442,625000.0
9453,575000.0
9457,600000.0
9460,375000.0
9465,1100000.0
9483,400000.0
9484,425000.0
9489,950000.0
9491,950000.0
9504,500000.0
9506,675000.0
9508,550000.0
9513,925000.0
9517,550000.0
9520,775000.0
9522,550000.0
9533,1100000.0
9542,1200000.0
9543,325000.0
9548,575000.0
9550,325000.0
9560,375000.0
9563,650000.0
9581,650000.0
9582,300000.0
9585,400000.0
9589,775000.0
9590,525000.0
9593,850000.0
9604,750000.0
9611,750000.0
9613,800000.0
9619,425000.0
9633,220000.0
9638,400000.0
9646,325000.0
9654,575000.0
9656,550000.0
9663,800000.0
9671,1200000.0
9674,700000.0
9675,675000.0
9676,300000.0
9677,625000.0
9679,550000.0
9694,120000.0
9698,220000.0
9704,625000.0
9707,550000.0
9710,775000.0
9711,925000.0
9713,775000.0
9718,575000.0
9723,450000.0
9737,850000.0
9738,725000.0
9739,575000.0
9741,575000.0
9755,625000.0
9758,210000.0
9766,750000.0
9774,950000.0
9779,550000.0
9781,750000.0
9787,750000.0
9790,525000.0
9800,550000.0
9801,625000.0
9808,525000.0
9811,950000.0
9813,750000.0
9814,550000.0
9821,775000.0
9825,400000.0
9828,775000.0
9833,500000.0
9838,675000.0
9839,525000.0
9840,575000.0
9849,750000.0
9850,700000.0
9857,400000.0
9860,900000.0
9861,1100000.0
9864,525000.0
9865,975000.0
9866,575000.0
9868,675000.0
9872,775000.0
9880,575000.0
9882,600000.0
9888,675000.0
9891,550000.0
9900,525000.0
9901,525000.0
9904,550000.0
9905,450000.0
9907,400000.0
9911,270000.0
9917,425000.0
9918,775000.0
9919,650000.0
9921,600000.0
9928,675000.0
9935,625000.0
9938,525000.0
9946,1200000.0
9947,425000.0
9959,600000.0
9963,40000.0
9970,550000.0
9972,475000.0
9975,625000.0
9992,925000.0
9993,600000.0
9995,925000.0
10005,600000.0
10017,675000.0
10019,650000.0
10023,450000.0
10024,450000.0
10030,1100000.0
10031,500000.0
10033,825000.0
10034,475000.0
10039,525000.0
10043,600000.0
10051,750000.0
10072,600000.0
10080,425000.0
10084,650000.0
10087,375000.0
10101,650000.0
10102,750000.0
10105,500000.0
10109,450000.0
10110,625000.0
10113,525000.0
10116,625000.0
10125,550000.0
10134,725000.0
10141,775000.0
10142,800000.0
10147,575000.0
10149,425000.0
10152,700000.0
10156,425000.0
10162,550000.0
10164,550000.0
10165,550000.0
10178,750000.0
10179,130000.0
10181,650000.0
10185,550000.0
10186,625000.0
10187,775000.0
10195,700000.0
10205,575000.0
10208,600000.0
10214,325000.0
10216,475000.0
10222,450000.0
10226,400000.0
10229,625000.0
10240,700000.0
10242,650000.0
10245,700000.0
10249,1100000.0
10262,625000.0
10266,550000.0
10267,1100000.0
10269,130000.0
10275,600000.0
10282,575000.0
10287,70000.0
10288,600000.0
10303,550000.0
10308,775000.0
10322,525000.0
10323,450000.0
10326,775000.0
10329,650000.0
10344,625000.0
10348,550000.0
10349,500000.0
10350,575000.0
10353,800000.0
10356,400000.0
10362,475000.0
10375,140000.0
10388,400000.0
10389,600000.0
10390,725000.0
10391,575000.0
10392,475000.0
10397,600000.0
10411,750000.0
10418,140000.0
10423,280000.0
10434,500000.0
10437,425000.0
10449,90000.0
10453,725000.0
10457,475000.0
10460,60000.0
10462,60000.0
10463,425000.0
10468,525000.0
10469,525000.0
10478,325000.0
10483,350000.0
10486,450000.0
10487,650000.0
10489,500000.0
10494,475000.0
10498,500000.0
10505,475000.0
10515,600000.0
10516,600000.0
10518,675000.0
10521,850000.0
10523,575000.0
10527,950000.0
10533,775000.0
10539,600000.0
10541,425000.0
10544,525000.0
10545,525000.0
10551,450000.0
10555,500000.0
10557,475000.0
10558,625000.0
10573,775000.0
10584,280000.0
10591,325000.0
10595,600000.0
10608,450000.0
10613,575000.0
10616,525000.0
10617,950000.0
10621,575000.0
10623,625000.0
10629,350000.0
10632,550000.0
10641,650000.0
10644,975000.0
10645,425000.0
10658,675000.0
10659,700000.0
10663,525000.0
10665,450000.0
10683,525000.0
10693,400000.0
10695,500000.0
10697,425000.0
10706,500000.0
10707,800000.0
10714,875000.0
10715,600000.0
10725,400000.0
10727,425000.0
10729,60000.0
10733,600000.0
10745,575000.0
10752,550000.0
10755,725000.0
10757,475000.0
10759,450000.0
10764,500000.0
10772,650000.0
10781,450000.0
10783,775000.0
10785,400000.0
10789,450000.0
10791,140000.0
10792,350000.0
10797,875000.0
10801,500000.0
10806,180000.0
10808,575000.0
10811,300000.0
10813,375000.0
10817,725000.0
10821,475000.0
10823,400000.0
10829,600000.0
10840,475000.0
10843,675000.0
10847,400000.0
10855,800000.0
10857,775000.0
10861,350000.0
10865,675000.0
10866,300000.0
10869,375000.0
10875,375000.0
10881,425000.0
10883,325000.0
10884,525000.0
10888,400000.0
10892,600000.0
10894,675000.0
10895,675000.0
10901,675000.0
10902,525000.0
10905,850000.0
10911,450000.0
10915,600000.0
10918,500000.0
10919,425000.0
10926,475000.0
10927,575000.0
10930,725000.0
10932,350000.0
10935,350000.0
10937,450000.0
10938,450000.0
10945,425000.0
10946,400000.0
10947,675000.0
10948,850000.0
10949,475000.0
10952,850000.0
10954,60000.0
10959,600000.0
10976,475000.0
10977,850000.0
10980,600000.0
10981,525000.0
10984,140000.0
10993,300000.0
11005,475000.0
11011,525000.0
11023,475000.0
11037,725000.0
11038,375000.0
11039,270000.0
11041,450000.0
11044,450000.0
11049,425000.0
11051,750000.0
11059,450000.0
11071,600000.0
11073,475000.0
11083,375000.0
11084,800000.0
11086,525000.0
11091,925000.0
11092,550000.0
11093,350000.0
11097,525000.0
11110,450000.0
11115,500000.0
11117,600000.0
11120,425000.0
11121,500000.0
11123,600000.0
11124,575000.0
11127,450000.0
11137,350000.0
11145,450000.0
11146,975000.0
11152,500000.0
11154,775000.0
11155,550000.0
11156,900000.0
11157,625000.0
11158,270000.0
11161,500000.0
11167,600000.0
11169,625000.0
11170,600000.0
11171,300000.0
11173,475000.0
11177,475000.0
11183,300000.0
11190,775000.0
11191,450000.0
11200,325000.0
11205,475000.0
11211,675000.0
11230,450000.0
11232,500000.0
11233,450000.0
11236,625000.0
11237,700000.0
11244,90000.0
11259,625000.0
11261,475000.0
11265,450000.0
11272,550000.0
11278,850000.0
11283,260000.0
11284,625000.0
11292,725000.0
11294,400000.0
11305,475000.0
11307,475000.0
11311,425000.0
11314,525000.0
11320,325000.0
11321,375000.0
11323,700000.0
11337,400000.0
11343,475000.0
11345,550000.0
11347,625000.0
11356,425000.0
11363,375000.0
11375,350000.0
11377,290000.0
11382,600000.0
11383,650000.0
11385,500000.0
11386,425000.0
11391,500000.0
11399,500000.0
11400,400000.0
11405,550000.0
11407,575000.0
11408,300000.0
11410,200000.0
11412,375000.0
11416,700000.0
11419,525000.0
11422,600000.0
11423,150000.0
11425,425000.0
11427,625000.0
11432,300000.0
11434,550000.0
11436,270000.0
11440,300000.0
11442,475000.0
11452,600000.0
11453,725000.0
11458,525000.0
11463,150000.0
11464,800000.0
11471,475000.0
11481,550000.0
11507,270000.0
11510,650000.0
11511,625000.0
11514,300000.0
11515,650000.0
11516,600000.0
11517,400000.0
11519,650000.0
11525,500000.0
11526,475000.0
11533,625000.0
11534,475000.0
11539,600000.0
11540,350000.0
11545,450000.0
11546,425000.0
11547,775000.0
11551,220000.0
11554,475000.0
11555,300000.0
11561,50000.0
11567,525000.0
11575,450000.0
11578,350000.0
11580,375000.0
11584,350000.0
11590,425000.0
11593,475000.0
11595,350000.0
11598,350000.0
11599,575000.0
11601,110000.0
11610,700000.0
11612,600000.0
11617,100000.0
11620,425000.0
11625,500000.0
11626,725000.0
11628,325000.0
11633,450000.0
11636,300000.0
11639,425000.0
11651,140000.0
11666,450000.0
11669,375000.0
11673,300000.0
11675,475000.0
11676,500000.0
11684,700000.0
11685,650000.0
11689,350000.0
11694,475000.0
11695,400000.0
11711,400000.0
11716,550000.0
11718,290000.0
11720,500000.0
11722,550000.0
11731,375000.0
11738,475000.0
11744,350000.0
11745,450000.0
11751,525000.0
11753,375000.0
11760,500000.0
11763,475000.0
11764,800000.0
11770,500000.0
11776,475000.0
11800,550000.0
11801,90000.0
11804,450000.0
11808,475000.0
11820,575000.0
11824,400000.0
11825,725000.0
11831,400000.0
11840,290000.0
11841,500000.0
11854,550000.0
11857,675000.0
11863,475000.0
11864,800000.0
11869,350000.0
11871,725000.0
11883,475000.0
11884,500000.0
11890,375000.0
11894,500000.0
11895,450000.0
11899,375000.0
11905,550000.0
11911,270000.0
11917,375000.0
11920,550000.0
11921,750000.0
11926,200000.0
11928,725000.0
11929,750000.0
11930,725000.0
11935,500000.0
11939,725000.0
11942,400000.0
11948,350000.0
11949,240000.0
11957,425000.0
11961,475000.0
11962,300000.0
11963,500000.0
11966,475000.0
11970,375000.0
11971,270000.0
11975,550000.0
11981,500000.0
11985,475000.0
11991,575000.0
11992,600000.0
12004,240000.0
12005,475000.0
12006,550000.0
12012,500000.0
12017,700000.0
12018,20000.0
12019,475000.0
12022,575000.0
12025,350000.0
12031,290000.0
12034,500000.0
12037,550000.0
12039,575000.0
12050,575000.0
12060,450000.0
12061,475000.0
12067,350000.0
12081,400000.0
12097,350000.0
12099,725000.0
12100,375000.0
12102,220000.0
12103,550000.0
12107,475000.0
12116,425000.0
12125,350000.0
12126,625000.0
12147,500000.0
12158,375000.0
12165,425000.0
12169,600000.0
12171,270000.0
12172,500000.0
12181,200000.0
12186,475000.0
12187,500000.0
12189,750000.0
12191,425000.0
12193,500000.0
12195,650000.0
12199,600000.0
12202,775000.0
12203,475000.0
12212,400000.0
12219,575000.0
12221,600000.0
12223,325000.0
12228,375000.0
12237,650000.0
12238,350000.0
12245,650000.0
12246,350000.0
12254,350000.0
12257,650000.0
12264,525000.0
12270,525000.0
12281,375000.0
12283,170000.0
12293,475000.0
12304,525000.0
12308,350000.0
12317,300000.0
12318,400000.0
12320,325000.0
12322,650000.0
12323,400000.0
12329,425000.0
12330,325000.0
12339,550000.0
12340,375000.0
12341,350000.0
12346,425000.0
12352,650000.0
12353,350000.0
12359,500000.0
12360,325000.0
12363,350000.0
12365,375000.0
12366,350000.0
12369,625000.0
12371,200000.0
12379,325000.0
12394,675000.0
12414,400000.0
12415,350000.0
12417,600000.0
12419,350000.0
12420,270000.0
12424,240000.0
12425,290000.0
12431,240000.0
12439,550000.0
12489,400000.0
12490,650000.0
12492,675000.0
12500,500000.0
12505,650000.0
12506,350000.0
12516,290000.0
12519,625000.0
12521,325000.0
12523,400000.0
12525,350000.0
12529,325000.0
12531,450000.0
12541,400000.0
12545,650000.0
12549,250000.0
12559,425000.0
12560,675000.0
12561,575000.0
12566,650000.0
12575,425000.0
12578,525000.0
12588,230000.0
12589,270000.0
12595,290000.0
12599,425000.0
12604,170000.0
12611,220000.0
12614,300000.0
12615,450000.0
12623,300000.0
12625,120000.0
12629,350000.0
12631,575000.0
12633,350000.0
12638,400000.0
12639,600000.0
12642,230000.0
12645,350000.0
12648,375000.0
12655,375000.0
12656,325000.0
12660,300000.0
12662,300000.0
12674,240000.0
12676,400000.0
12681,550000.0
12691,575000.0
12695,400000.0
12697,290000.0
12708,300000.0
12710,475000.0
12717,120000.0
12720,325000.0
12722,400000.0
12739,200000.0
12743,600000.0
12746,350000.0
12756,120000.0
12759,350000.0
12761,170000.0
12762,650000.0
12763,325000.0
12764,350000.0
12784,325000.0
12786,400000.0
12787,350000.0
12794,350000.0
12801,400000.0
12807,325000.0
12808,425000.0
12814,525000.0
12815,600000.0
12826,180000.0
12829,290000.0
12834,375000.0
12837,325000.0
12839,450000.0
12843,450000.0
12848,350000.0
12849,600000.0
12860,375000.0
12864,450000.0
12868,550000.0
12875,450000.0
12880,425000.0
12885,300000.0
12886,350000.0
12892,425000.0
12904,325000.0
12907,170000.0
12911,350000.0
12920,400000.0
12922,425000.0
12928,575000.0
12935,575000.0
12936,300000.0
12937,375000.0
12938,675000.0
12939,400000.0
12940,375000.0
12946,425000.0
12950,625000.0
12953,625000.0
12970,170000.0
12979,120000.0
12988,260000.0
12991,400000.0
12996,270000.0
12997,325000.0
13012,600000.0
13013,475000.0
13016,325000.0
13033,450000.0
13043,270000.0
13051,400000.0
13056,425000.0
13060,550000.0
13061,325000.0
13064,550000.0
13069,625000.0
13075,220000.0
13077,650000.0
13080,290000.0
13084,475000.0
13086,400000.0
13091,400000.0
13092,525000.0
13096,350000.0
13103,375000.0
13123,140000.0
13125,200000.0
13133,350000.0
13136,500000.0
13139,525000.0
13140,190000.0
13145,550000.0
13146,400000.0
13148,525000.0
13152,375000.0
13160,300000.0
13173,500000.0
13174,450000.0
13183,140000.0
13187,325000.0
13192,140000.0
13193,500000.0
13197,450000.0
13201,270000.0
13216,300000.0
13219,325000.0
13220,500000.0
13227,475000.0
13230,325000.0
13237,350000.0
13238,80000.0
13241,140000.0
13244,425000.0
13245,200000.0
13259,200000.0
13265,270000.0
13271,375000.0
13274,325000.0
13282,475000.0
13284,240000.0
13287,325000.0
13293,270000.0
13295,400000.0
13296,350000.0
13299,180000.0
13300,250000.0
13301,425000.0
13305,400000.0
13308,550000.0
13313,325000.0
13320,140000.0
13324,325000.0
13333,425000.0
13334,290000.0
13339,350000.0
13343,350000.0
13346,325000.0
13351,350000.0
13365,325000.0
13368,425000.0
13373,450000.0
13378,140000.0
13379,400000.0
13386,375000.0
13387,400000.0
13396,375000.0
13398,525000.0
13401,375000.0
13402,350000.0
13406,210000.0
13407,375000.0
13418,450000.0
13425,290000.0
13438,400000.0
13442,250000.0
13443,200000.0
13444,300000.0
13449,280000.0
13453,350000.0
13458,475000.0
13469,400000.0
13472,230000.0
13484,525000.0
13501,550000.0
13502,190000.0
13503,325000.0
13504,350000.0
13508,325000.0
13509,400000.0
13519,350000.0
13520,500000.0
13521,525000.0
13522,500000.0
13527,300000.0
13530,400000.0
13532,350000.0
13536,350000.0
13538,475000.0
13543,450000.0
13548,350000.0
13549,375000.0
13551,475000.0
13556,375000.0
13560,350000.0
13561,325000.0
13566,475000.0
13576,500000.0
13577,450000.0
13583,375000.0
13590,325000.0
13592,325000.0
13594,450000.0
13596,450000.0
13598,375000.0
13601,300000.0
13607,260000.0
13608,525000.0
13611,350000.0
13618,270000.0
13620,450000.0
13622,475000.0
13624,260000.0
13631,160000.0
13637,290000.0
13655,325000.0
13664,375000.0
13666,550000.0
13667,260000.0
13684,400000.0
13697,350000.0
13702,260000.0
13704,210000.0
13715,550000.0
13717,375000.0
13721,475000.0
13723,525000.0
13725,375000.0
13729,210000.0
13732,325000.0
13739,325000.0
13740,375000.0
13746,170000.0
13748,280000.0
13756,260000.0
13761,210000.0
13764,260000.0
13765,400000.0
13768,240000.0
13772,280000.0
13785,240000.0
13786,170000.0
13788,375000.0
13804,350000.0
13806,400000.0
13808,250000.0
13810,450000.0
13820,325000.0
13822,375000.0
13826,375000.0
13831,260000.0
13832,375000.0
13836,450000.0
13844,280000.0
13849,280000.0
13852,280000.0
13860,325000.0
13869,250000.0
13870,450000.0
13872,375000.0
13878,450000.0
13882,210000.0
13890,400000.0
13891,280000.0
13894,280000.0
13898,375000.0
13903,200000.0
13908,180000.0
13911,210000.0
13913,250000.0
13914,425000.0
13915,350000.0
13916,240000.0
13929,350000.0
13935,325000.0
13941,375000.0
13944,260000.0
13945,350000.0
13952,325000.0
13953,300000.0
13960,160000.0
13961,250000.0
13973,400000.0
13974,400000.0
13976,350000.0
13977,325000.0
13981,350000.0
13992,325000.0
13993,140000.0
13994,450000.0
14005,280000.0
14012,450000.0
14015,200000.0
14017,280000.0
14020,280000.0
14022,260000.0
14025,350000.0
14037,375000.0
14050,325000.0
14064,325000.0
14065,210000.0
14076,210000.0
14077,250000.0
14078,170000.0
14081,260000.0
14088,325000.0
14100,240000.0
14101,200000.0
14104,450000.0
14115,240000.0
14129,375000.0
14130,210000.0
14136,425000.0
14144,450000.0
14153,230000.0
14156,350000.0
14165,170000.0
14168,170000.0
14169,250000.0
14170,20000.0
14174,290000.0
14180,450000.0
14185,375000.0
14186,375000.0
14196,140000.0
14198,250000.0
14211,450000.0
14223,300000.0
14227,350000.0
14231,230000.0
14235,425000.0
14256,290000.0
14257,210000.0
14261,230000.0
14263,325000.0
14264,280000.0
14268,280000.0
14282,450000.0
14286,210000.0
14300,450000.0
14304,300000.0
14305,300000.0
14311,250000.0
14313,450000.0
14316,375000.0
14317,375000.0
14329,200000.0
14330,130000.0
14332,170000.0
14336,270000.0
14338,220000.0
14339,240000.0
14348,230000.0
14351,300000.0
14353,180000.0
14355,250000.0
14362,230000.0
14365,210000.0
14366,140000.0
14367,140000.0
14377,90000.0
14378,140000.0
14379,240000.0
14380,300000.0
14396,180000.0
14398,260000.0
14400,325000.0
14401,210000.0
14406,200000.0
14414,220000.0
14420,325000.0
14428,170000.0
14429,180000.0
14432,220000.0
14434,120000.0
14440,290000.0
14441,325000.0
14446,210000.0
14454,220000.0
14455,160000.0
14466,210000.0
14469,200000.0
14472,170000.0
14473,240000.0
14486,70000.0
14488,300000.0
14489,270000.0
14490,160000.0
14499,200000.0
14508,290000.0
14535,220000.0
14539,325000.0
14541,270000.0
14547,260000.0
14556,190000.0
14559,200000.0
14561,270000.0
14563,325000.0
14564,280000.0
14565,200000.0
14571,300000.0
14574,260000.0
14576,240000.0
14581,220000.0
14584,270000.0
14599,280000.0
14606,220000.0
14607,240000.0
14611,300000.0
14621,280000.0
14625,220000.0
14626,300000.0
14631,130000.0
14635,190000.0
14636,70000.0
14639,280000.0
14649,190000.0
14650,240000.0
14655,325000.0
14658,210000.0
14659,160000.0
14669,325000.0
14671,300000.0
14681,240000.0
14684,280000.0
14685,190000.0
14686,190000.0
14689,150000.0
14690,180000.0
14692,210000.0
14693,200000.0
14694,270000.0
14700,300000.0
14703,220000.0
14714,130000.0
14734,170000.0
14737,270000.0
14740,220000.0
14742,140000.0
14744,80000.0
14745,220000.0
14750,200000.0
14757,190000.0
14758,290000.0
14761,190000.0
14762,300000.0
14771,220000.0
14778,270000.0
14784,180000.0
14786,230000.0
14802,180000.0
14805,170000.0
14812,240000.0
14819,210000.0
14820,270000.0
14826,120000.0
14827,280000.0
14835,90000.0
14843,130000.0
14848,180000.0
14858,270000.0
14861,170000.0
14862,210000.0
14863,180000.0
14867,140000.0
14869,230000.0
14874,130000.0
14881,180000.0
14882,190000.0
14900,180000.0
14906,280000.0
14908,150000.0
14917,200000.0
14920,280000.0
14927,180000.0
14930,20000.0
14935,230000.0
14939,230000.0
14944,170000.0
14945,200000.0
14950,210000.0
14954,250000.0
14967,200000.0
14968,220000.0
14969,190000.0
14979,150000.0
14987,250000.0
14996,180000.0
14999,160000.0
15009,150000.0
15021,20000.0
15022,230000.0
15024,230000.0
15028,190000.0
15032,180000.0
15036,280000.0
15040,180000.0
15041,280000.0
15052,160000.0
15053,200000.0
15055,210000.0
15070,210000.0
15072,280000.0
15073,190000.0
15076,240000.0
15078,180000.0
15080,190000.0
15081,160000.0
15091,100000.0
15095,140000.0
15105,150000.0
15112,170000.0
15117,170000.0
15122,70000.0
15127,200000.0
15133,210000.0
15135,250000.0
15139,140000.0
15142,220000.0
15147,150000.0
15151,270000.0
15152,210000.0
15159,220000.0
15164,210000.0
15169,110000.0
15174,120000.0
15175,210000.0
15180,180000.0
15183,260000.0
15191,250000.0
15193,20000.0
15195,180000.0
15197,170000.0
15199,150000.0
15201,220000.0
15207,220000.0
15209,150000.0
15213,230000.0
15215,110000.0
15221,120000.0
15225,110000.0
15234,140000.0
15246,200000.0
15249,200000.0
15250,210000.0
15264,150000.0
15267,80000.0
15275,150000.0
15277,150000.0
15282,150000.0
15286,160000.0
15290,110000.0
15292,190000.0
15293,100000.0
15306,140000.0
15310,160000.0
15333,190000.0
15334,230000.0
15339,210000.0
15353,230000.0
15356,100000.0
15357,220000.0
15360,110000.0
15371,220000.0
15378,190000.0
15386,150000.0
15387,200000.0
15389,170000.0
15392,220000.0
15393,170000.0
15396,220000.0
15401,120000.0
15422,180000.0
15431,220000.0
15448,180000.0
15457,190000.0
15460,200000.0
15462,140000.0
15463,140000.0
15476,220000.0
15478,160000.0
15484,160000.0
15489,150000.0
15490,210000.0
15493,10000.0
15498,110000.0
15504,110000.0
15511,120000.0
15517,210000.0
15518,110000.0
15520,110000.0
15529,150000.0
15533,180000.0
15536,190000.0
15539,160000.0
15540,200000.0
15546,220000.0
15552,140000.0
15563,90000.0
15564,130000.0
15569,110000.0
15573,150000.0
15574,190000.0
15584,110000.0
15600,130000.0
15602,130000.0
15604,90000.0
15608,130000.0
15612,130000.0
15614,120000.0
15615,90000.0
15616,160000.0
15621,180000.0
15622,150000.0
15630,170000.0
15631,120000.0
15632,180000.0
15638,130000.0
15640,160000.0
15645,150000.0
15647,90000.0
15652,200000.0
15670,110000.0
15673,130000.0
15692,160000.0
15694,180000.0
15697,180000.0
15702,140000.0
15703,190000.0
15721,180000.0
15722,140000.0
15737,130000.0
15738,120000.0
15750,160000.0
15751,190000.0
15754,90000.0
15763,140000.0
15765,140000.0
15769,120000.0
15773,110000.0
15777,140000.0
15781,130000.0
15795,160000.0
15796,110000.0
15800,20000.0
15825,150000.0
15831,140000.0
15836,120000.0
15838,120000.0
15840,120000.0
15844,120000.0
15860,190000.0
15865,110000.0
15870,130000.0
15871,140000.0
15878,140000.0
15885,140000.0
15887,120000.0
15892,110000.0
15893,110000.0
15897,180000.0
15898,180000.0
15902,160000.0
15905,110000.0
15908,120000.0
15911,110000.0
15920,130000.0
15926,120000.0
15932,120000.0
15934,180000.0
15936,170000.0
15937,110000.0
15938,150000.0
15939,160000.0
15951,150000.0
15970,180000.0
15981,90000.0
16003,150000.0
16004,160000.0
16012,130000.0
16013,160000.0
16015,90000.0
16020,140000.0
16033,150000.0
16036,170000.0
16049,90000.0
16051,150000.0
16052,120000.0
16053,180000.0
16064,160000.0
16067,160000.0
16074,110000.0
16082,100000.0
16092,110000.0
16093,180000.0
16095,140000.0
16096,180000.0
16097,130000.0
16100,130000.0
16102,120000.0
16103,180000.0
16116,130000.0
16118,130000.0
16121,110000.0
16122,110000.0
16124,120000.0
16126,150000.0
16128,110000.0
16133,120000.0
16138,90000.0
16141,130000.0
16153,70000.0
16155,120000.0
16160,70000.0
16163,130000.0
16183,130000.0
16191,80000.0
16199,90000.0
16209,110000.0
16222,90000.0
16226,150000.0
16230,120000.0
16241,140000.0
16248,140000.0
16259,130000.0
16261,110000.0
16263,140000.0
16270,80000.0
16274,140000.0
16287,130000.0
16296,140000.0
16300,120000.0
16306,110000.0
16309,110000.0
16311,150000.0
16324,130000.0
16328,140000.0
16329,140000.0
16332,90000.0
16336,80000.0
16343,130000.0
16346,120000.0
16361,70000.0
16365,80000.0
16383,90000.0
16390,80000.0
16394,120000.0
16411,120000.0
16415,100000.0
16426,110000.0
16428,120000.0
16430,80000.0
16432,130000.0
16438,90000.0
16448,120000.0
16459,100000.0
16463,70000.0
16467,130000.0
16478,90000.0
16489,110000.0
16498,130000.0
16510,90000.0
16527,100000.0
16529,100000.0
16540,100000.0
16542,70000.0
16546,60000.0
16551,60000.0
16559,90000.0
16561,100000.0
16562,110000.0
16567,100000.0
16568,100000.0
16574,110000.0
16579,70000.0
16581,90000.0
16583,100000.0
16590,70000.0
16594,100000.0
16596,100000.0
16603,80000.0
16613,90000.0
16620,70000.0
16621,90000.0
16634,40000.0
16637,90000.0
16639,110000.0
16640,90000.0
16641,80000.0
16651,80000.0
16659,100000.0
16660,60000.0
16684,50000.0
16693,80000.0
16702,40000.0
16705,70000.0
16707,80000.0
16721,70000.0
16722,70000.0
16728,70000.0
16733,70000.0
16746,70000.0
16762,60000.0
16773,50000.0
16778,60000.0
16784,50000.0
16801,60000.0
16814,60000.0
16818,40000.0
16838,50000.0
16854,50000.0
16861,40000.0
16872,50000.0
16873,60000.0
16874,50000.0
16888,40000.0
16889,60000.0
16913,50000.0
16918,60000.0
16924,60000.0
16929,50000.0
16932,60000.0
16937,50000.0
16943,60000.0
